,index,MAX_AVG_LOAD,MAX_AVG_LOAD_SHIFT_1,MAX_AVG_LOAD_SHIFT_2,MAX_AVG_LOAD_SHIFT_3
0,3,3005.0,3025.0,3115.0,2870.0
1,4,2865.0,3005.0,3025.0,3115.0
2,5,2710.0,2865.0,3005.0,3025.0
3,6,2880.0,2710.0,2865.0,3005.0
4,7,3030.0,2880.0,2710.0,2865.0
5,8,3070.0,3030.0,2880.0,2710.0
6,9,3090.0,3070.0,3030.0,2880.0
7,10,2930.0,3090.0,3070.0,3030.0
8,11,2840.0,2930.0,3090.0,3070.0
9,12,2765.0,2840.0,2930.0,3090.0
10,13,3025.0,2765.0,2840.0,2930.0
11,14,3010.0,3025.0,2765.0,2840.0
12,15,2930.0,3010.0,3025.0,2765.0
13,16,2827.5,2930.0,3010.0,3025.0
14,17,2740.0,2827.5,2930.0,3010.0
15,18,2722.5,2740.0,2827.5,2930.0
16,19,2475.0,2722.5,2740.0,2827.5
17,20,2835.0,2475.0,2722.5,2740.0
18,21,2760.0,2835.0,2475.0,2722.5
19,22,2735.0,2760.0,2835.0,2475.0
20,23,2810.0,2735.0,2760.0,2835.0
21,24,2740.0,2810.0,2735.0,2760.0
22,25,2765.0,2740.0,2810.0,2735.0
23,26,2735.0,2765.0,2740.0,2810.0
24,27,2995.0,2735.0,2765.0,2740.0
25,28,2955.0,2995.0,2735.0,2765.0
26,29,2890.0,2955.0,2995.0,2735.0
27,30,3107.5,2890.0,2955.0,2995.0
28,31,3120.0,3107.5,2890.0,2955.0
29,32,2980.0,3120.0,3107.5,2890.0
30,33,2720.0,2980.0,3120.0,3107.5
31,34,2955.0,2720.0,2980.0,3120.0
32,35,2860.0,2955.0,2720.0,2980.0
33,36,2820.0,2860.0,2955.0,2720.0
34,37,2742.5,2820.0,2860.0,2955.0
35,38,2857.5,2742.5,2820.0,2860.0
36,39,2615.0,2857.5,2742.5,2820.0
37,40,2485.0,2615.0,2857.5,2742.5
38,41,2675.0,2485.0,2615.0,2857.5
39,42,2860.0,2675.0,2485.0,2615.0
40,43,2910.0,2860.0,2675.0,2485.0
41,44,3025.0,2910.0,2860.0,2675.0
42,45,3035.0,3025.0,2910.0,2860.0
43,46,3095.0,3035.0,3025.0,2910.0
44,47,2750.0,3095.0,3035.0,3025.0
45,48,2960.0,2750.0,3095.0,3035.0
46,49,2870.0,2960.0,2750.0,3095.0
47,50,2820.0,2870.0,2960.0,2750.0
48,51,2745.0,2820.0,2870.0,2960.0
49,52,2880.0,2745.0,2820.0,2870.0
50,53,2605.0,2880.0,2745.0,2820.0
51,54,2455.0,2605.0,2880.0,2745.0
52,55,2610.0,2455.0,2605.0,2880.0
53,56,2475.0,2610.0,2455.0,2605.0
54,57,2460.0,2475.0,2610.0,2455.0
55,58,2567.5,2460.0,2475.0,2610.0
56,59,2685.0,2567.5,2460.0,2475.0
57,60,2545.0,2685.0,2567.5,2460.0
58,61,2550.0,2545.0,2685.0,2567.5
59,62,2635.0,2550.0,2545.0,2685.0
60,63,2505.0,2635.0,2550.0,2545.0
61,64,2460.0,2505.0,2635.0,2550.0
62,65,2450.0,2460.0,2505.0,2635.0
63,66,2420.0,2450.0,2460.0,2505.0
64,67,2325.0,2420.0,2450.0,2460.0
65,68,2152.5,2325.0,2420.0,2450.0
66,69,2550.0,2152.5,2325.0,2420.0
67,70,2420.0,2550.0,2152.5,2325.0
68,71,2635.0,2420.0,2550.0,2152.5
69,72,2577.5,2635.0,2420.0,2550.0
70,73,2590.0,2577.5,2635.0,2420.0
71,74,2660.0,2590.0,2577.5,2635.0
72,75,2460.0,2660.0,2590.0,2577.5
73,76,2530.0,2460.0,2660.0,2590.0
74,77,2615.0,2530.0,2460.0,2660.0
75,78,2690.0,2615.0,2530.0,2460.0
76,79,2560.0,2690.0,2615.0,2530.0
77,80,2570.0,2560.0,2690.0,2615.0
78,81,2460.0,2570.0,2560.0,2690.0
79,82,2332.5,2460.0,2570.0,2560.0
80,83,2460.0,2332.5,2460.0,2570.0
81,84,2415.0,2460.0,2332.5,2460.0
82,85,2415.0,2415.0,2460.0,2332.5
83,86,2427.5,2415.0,2415.0,2460.0
84,87,2340.0,2427.5,2415.0,2415.0
85,88,2315.0,2340.0,2427.5,2415.0
86,89,2132.5,2315.0,2340.0,2427.5
87,90,2405.0,2132.5,2315.0,2340.0
88,91,2525.0,2405.0,2132.5,2315.0
89,92,2370.0,2525.0,2405.0,2132.5
90,93,2380.0,2370.0,2525.0,2405.0
91,94,2322.5,2380.0,2370.0,2525.0
92,95,2250.0,2322.5,2380.0,2370.0
93,96,2130.0,2250.0,2322.5,2380.0
94,97,2350.0,2130.0,2250.0,2322.5
95,98,2377.5,2350.0,2130.0,2250.0
96,99,2305.0,2377.5,2350.0,2130.0
97,100,2275.0,2305.0,2377.5,2350.0
98,101,2282.5,2275.0,2305.0,2377.5
99,102,2260.0,2282.5,2275.0,2305.0
100,103,2120.0,2260.0,2282.5,2275.0
101,104,2380.0,2120.0,2260.0,2282.5
102,105,2317.5,2380.0,2120.0,2260.0
103,106,2287.5,2317.5,2380.0,2120.0
104,107,2300.0,2287.5,2317.5,2380.0
105,108,2275.0,2300.0,2287.5,2317.5
106,109,2210.0,2275.0,2300.0,2287.5
107,110,2080.0,2210.0,2275.0,2300.0
108,111,2335.0,2080.0,2210.0,2275.0
109,112,2275.0,2335.0,2080.0,2210.0
110,113,2277.5,2275.0,2335.0,2080.0
111,114,2280.0,2277.5,2275.0,2335.0
112,115,2350.0,2280.0,2277.5,2275.0
113,116,2292.5,2350.0,2280.0,2277.5
114,117,2070.0,2292.5,2350.0,2280.0
115,118,2230.0,2070.0,2292.5,2350.0
116,119,2312.5,2230.0,2070.0,2292.5
117,120,2350.0,2312.5,2230.0,2070.0
118,121,2345.0,2350.0,2312.5,2230.0
119,122,2350.0,2345.0,2350.0,2312.5
120,123,2265.0,2350.0,2345.0,2350.0
121,124,2102.5,2265.0,2350.0,2345.0
122,125,2320.0,2102.5,2265.0,2350.0
123,126,2357.5,2320.0,2102.5,2265.0
124,127,2400.0,2357.5,2320.0,2102.5
125,128,2535.0,2400.0,2357.5,2320.0
126,129,2560.0,2535.0,2400.0,2357.5
127,130,2460.0,2560.0,2535.0,2400.0
128,131,2135.0,2460.0,2560.0,2535.0
129,132,2460.0,2135.0,2460.0,2560.0
130,133,2570.0,2460.0,2135.0,2460.0
131,134,2525.0,2570.0,2460.0,2135.0
132,135,2582.5,2525.0,2570.0,2460.0
133,136,2565.0,2582.5,2525.0,2570.0
134,137,2595.0,2565.0,2582.5,2525.0
135,138,2205.0,2595.0,2565.0,2582.5
136,139,2427.5,2205.0,2595.0,2565.0
137,140,2370.0,2427.5,2205.0,2595.0
138,141,2420.0,2370.0,2427.5,2205.0
139,142,2412.5,2420.0,2370.0,2427.5
140,143,2360.0,2412.5,2420.0,2370.0
141,144,2297.5,2360.0,2412.5,2420.0
142,145,2195.0,2297.5,2360.0,2412.5
143,146,2270.0,2195.0,2297.5,2360.0
144,147,2350.0,2270.0,2195.0,2297.5
145,148,2425.0,2350.0,2270.0,2195.0
146,149,2430.0,2425.0,2350.0,2270.0
147,150,2360.0,2430.0,2425.0,2350.0
148,151,2255.0,2360.0,2430.0,2425.0
149,152,2065.0,2255.0,2360.0,2430.0
150,153,2355.0,2065.0,2255.0,2360.0
151,154,2447.5,2355.0,2065.0,2255.0
152,155,2425.0,2447.5,2355.0,2065.0
153,156,2440.0,2425.0,2447.5,2355.0
154,157,2430.0,2440.0,2425.0,2447.5
155,158,2520.0,2430.0,2440.0,2425.0
156,159,2380.0,2520.0,2430.0,2440.0
157,160,2415.0,2380.0,2520.0,2430.0
158,161,2455.0,2415.0,2380.0,2520.0
159,162,2475.0,2455.0,2415.0,2380.0
160,163,2450.0,2475.0,2455.0,2415.0
161,164,2450.0,2450.0,2475.0,2455.0
162,165,2415.0,2450.0,2450.0,2475.0
163,166,2235.0,2415.0,2450.0,2450.0
164,167,2417.5,2235.0,2415.0,2450.0
165,168,2487.5,2417.5,2235.0,2415.0
166,169,2480.0,2487.5,2417.5,2235.0
167,170,2440.0,2480.0,2487.5,2417.5
168,171,2337.5,2440.0,2480.0,2487.5
169,172,2332.5,2337.5,2440.0,2480.0
170,173,2185.0,2332.5,2337.5,2440.0
171,174,2405.0,2185.0,2332.5,2337.5
172,175,2110.0,2405.0,2185.0,2332.5
173,176,2290.0,2110.0,2405.0,2185.0
174,177,2445.0,2290.0,2110.0,2405.0
175,178,2487.5,2445.0,2290.0,2110.0
176,179,2570.0,2487.5,2445.0,2290.0
177,180,2402.5,2570.0,2487.5,2445.0
178,181,2925.0,2402.5,2570.0,2487.5
179,182,3075.0,2925.0,2402.5,2570.0
180,183,3125.0,3075.0,2925.0,2402.5
181,184,3137.5,3125.0,3075.0,2925.0
182,185,3060.0,3137.5,3125.0,3075.0
183,186,2830.0,3060.0,3137.5,3125.0
184,187,2425.0,2830.0,3060.0,3137.5
185,188,2775.0,2425.0,2830.0,3060.0
186,189,2817.5,2775.0,2425.0,2830.0
187,190,2947.5,2817.5,2775.0,2425.0
188,191,3085.0,2947.5,2817.5,2775.0
189,192,3070.0,3085.0,2947.5,2817.5
190,193,2985.0,3070.0,3085.0,2947.5
191,194,2625.0,2985.0,3070.0,3085.0
192,195,2955.0,2625.0,2985.0,3070.0
193,196,3055.0,2955.0,2625.0,2985.0
194,197,3165.0,3055.0,2955.0,2625.0
195,198,3090.0,3165.0,3055.0,2955.0
196,199,3005.0,3090.0,3165.0,3055.0
197,200,2900.0,3005.0,3090.0,3165.0
198,201,2660.0,2900.0,3005.0,3090.0
199,202,2975.0,2660.0,2900.0,3005.0
200,203,2947.5,2975.0,2660.0,2900.0
201,204,3125.0,2947.5,2975.0,2660.0
202,205,3130.0,3125.0,2947.5,2975.0
203,206,3170.0,3130.0,3125.0,2947.5
204,207,3170.0,3170.0,3130.0,3125.0
205,208,2665.0,3170.0,3170.0,3130.0
206,209,2805.0,2665.0,3170.0,3170.0
207,210,2872.5,2805.0,2665.0,3170.0
208,211,3080.0,2872.5,2805.0,2665.0
209,212,3095.0,3080.0,2872.5,2805.0
210,213,2975.0,3095.0,3080.0,2872.5
211,214,2845.0,2975.0,3095.0,3080.0
212,215,2490.0,2845.0,2975.0,3095.0
213,216,2835.0,2490.0,2845.0,2975.0
214,217,2910.0,2835.0,2490.0,2845.0
215,218,2992.5,2910.0,2835.0,2490.0
216,219,3115.0,2992.5,2910.0,2835.0
217,220,3135.0,3115.0,2992.5,2910.0
218,221,2972.5,3135.0,3115.0,2992.5
219,222,2627.5,2972.5,3135.0,3115.0
220,223,2870.0,2627.5,2972.5,3135.0
221,224,2995.0,2870.0,2627.5,2972.5
222,225,3015.0,2995.0,2870.0,2627.5
223,226,2735.0,3015.0,2995.0,2870.0
224,227,2932.5,2735.0,3015.0,2995.0
225,228,2810.0,2932.5,2735.0,3015.0
226,229,2442.5,2810.0,2932.5,2735.0
227,230,2775.0,2442.5,2810.0,2932.5
228,231,2905.0,2775.0,2442.5,2810.0
229,232,2825.0,2905.0,2775.0,2442.5
230,233,2755.0,2825.0,2905.0,2775.0
231,234,2730.0,2755.0,2825.0,2905.0
232,235,2755.0,2730.0,2755.0,2825.0
233,236,2590.0,2755.0,2730.0,2755.0
234,237,2865.0,2590.0,2755.0,2730.0
235,238,2820.0,2865.0,2590.0,2755.0
236,239,2785.0,2820.0,2865.0,2590.0
237,240,2740.0,2785.0,2820.0,2865.0
238,241,2660.0,2740.0,2785.0,2820.0
239,242,2435.0,2660.0,2740.0,2785.0
240,243,2100.0,2435.0,2660.0,2740.0
241,244,2255.0,2100.0,2435.0,2660.0
242,245,2487.5,2255.0,2100.0,2435.0
243,246,2655.0,2487.5,2255.0,2100.0
244,247,2870.0,2655.0,2487.5,2255.0
245,248,2750.0,2870.0,2655.0,2487.5
246,249,2640.0,2750.0,2870.0,2655.0
247,250,2400.0,2640.0,2750.0,2870.0
248,251,2960.0,2400.0,2640.0,2750.0
249,252,3025.0,2960.0,2400.0,2640.0
250,253,3025.0,3025.0,2960.0,2400.0
251,254,3072.5,3025.0,3025.0,2960.0
252,255,3055.0,3072.5,3025.0,3025.0
253,256,3027.5,3055.0,3072.5,3025.0
254,257,2565.0,3027.5,3055.0,3072.5
255,258,2710.0,2565.0,3027.5,3055.0
256,259,2745.0,2710.0,2565.0,3027.5
257,260,2740.0,2745.0,2710.0,2565.0
258,261,2740.0,2740.0,2745.0,2710.0
259,262,2637.5,2740.0,2740.0,2745.0
260,263,2460.0,2637.5,2740.0,2740.0
261,264,2347.5,2460.0,2637.5,2740.0
262,265,2545.0,2347.5,2460.0,2637.5
263,266,2530.0,2545.0,2347.5,2460.0
264,267,2585.0,2530.0,2545.0,2347.5
265,268,2550.0,2585.0,2530.0,2545.0
266,269,2470.0,2550.0,2585.0,2530.0
267,270,2415.0,2470.0,2550.0,2585.0
268,271,2110.0,2415.0,2470.0,2550.0
269,272,2390.0,2110.0,2415.0,2470.0
270,273,2420.0,2390.0,2110.0,2415.0
271,274,2507.5,2420.0,2390.0,2110.0
272,275,2495.0,2507.5,2420.0,2390.0
273,276,2442.5,2495.0,2507.5,2420.0
274,277,2350.0,2442.5,2495.0,2507.5
275,278,2085.0,2350.0,2442.5,2495.0
276,279,2375.0,2085.0,2350.0,2442.5
277,280,2400.0,2375.0,2085.0,2350.0
278,281,2377.5,2400.0,2375.0,2085.0
279,282,2325.0,2377.5,2400.0,2375.0
280,283,2332.5,2325.0,2377.5,2400.0
281,284,2295.0,2332.5,2325.0,2377.5
282,285,2040.0,2295.0,2332.5,2325.0
283,286,2290.0,2040.0,2295.0,2332.5
284,287,2295.0,2290.0,2040.0,2295.0
285,288,2322.5,2295.0,2290.0,2040.0
286,289,2355.0,2322.5,2295.0,2290.0
287,290,2335.0,2355.0,2322.5,2295.0
288,291,2340.0,2335.0,2355.0,2322.5
289,292,2115.0,2340.0,2335.0,2355.0
290,293,2365.0,2115.0,2340.0,2335.0
291,294,2315.0,2365.0,2115.0,2340.0
292,295,2380.0,2315.0,2365.0,2115.0
293,296,2367.5,2380.0,2315.0,2365.0
294,297,2360.0,2367.5,2380.0,2315.0
295,298,2285.0,2360.0,2367.5,2380.0
296,299,2085.0,2285.0,2360.0,2367.5
297,300,2350.0,2085.0,2285.0,2360.0
298,301,2340.0,2350.0,2085.0,2285.0
299,302,2375.0,2340.0,2350.0,2085.0
300,303,2360.0,2375.0,2340.0,2350.0
301,304,2367.5,2360.0,2375.0,2340.0
302,305,2310.0,2367.5,2360.0,2375.0
303,306,2130.0,2310.0,2367.5,2360.0
304,307,2380.0,2130.0,2310.0,2367.5
305,308,2362.5,2380.0,2130.0,2310.0
306,309,2385.0,2362.5,2380.0,2130.0
307,310,2395.0,2385.0,2362.5,2380.0
308,311,2417.5,2395.0,2385.0,2362.5
309,312,2335.0,2417.5,2395.0,2385.0
310,313,2140.0,2335.0,2417.5,2395.0
311,314,2390.0,2140.0,2335.0,2417.5
312,315,2410.0,2390.0,2140.0,2335.0
313,316,2385.0,2410.0,2390.0,2140.0
314,317,2375.0,2385.0,2410.0,2390.0
315,318,2360.0,2375.0,2385.0,2410.0
316,319,2337.5,2360.0,2375.0,2385.0
317,320,2117.5,2337.5,2360.0,2375.0
318,321,2425.0,2117.5,2337.5,2360.0
319,322,2350.0,2425.0,2117.5,2337.5
320,323,2445.0,2350.0,2425.0,2117.5
321,324,2640.0,2445.0,2350.0,2425.0
322,325,2760.0,2640.0,2445.0,2350.0
323,326,2780.0,2760.0,2640.0,2445.0
324,327,2490.0,2780.0,2760.0,2640.0
325,328,2695.0,2490.0,2780.0,2760.0
326,329,2635.0,2695.0,2490.0,2780.0
327,330,2645.0,2635.0,2695.0,2490.0
328,331,2635.0,2645.0,2635.0,2695.0
329,332,2592.5,2635.0,2645.0,2635.0
330,333,2405.0,2592.5,2635.0,2645.0
331,334,2340.0,2405.0,2592.5,2635.0
332,335,2582.5,2340.0,2405.0,2592.5
333,336,2555.0,2582.5,2340.0,2405.0
334,337,2550.0,2555.0,2582.5,2340.0
335,338,2640.0,2550.0,2555.0,2582.5
336,339,2855.0,2640.0,2550.0,2555.0
337,340,2800.0,2855.0,2640.0,2550.0
338,341,2607.5,2800.0,2855.0,2640.0
339,342,2870.0,2607.5,2800.0,2855.0
340,343,2890.0,2870.0,2607.5,2800.0
341,344,2835.0,2890.0,2870.0,2607.5
342,345,2812.5,2835.0,2890.0,2870.0
343,346,2795.0,2812.5,2835.0,2890.0
344,347,2700.0,2795.0,2812.5,2835.0
345,348,2485.0,2700.0,2795.0,2812.5
346,349,2650.0,2485.0,2700.0,2795.0
347,350,2650.0,2650.0,2485.0,2700.0
348,351,2665.0,2650.0,2650.0,2485.0
349,352,2575.0,2665.0,2650.0,2650.0
350,353,2590.0,2575.0,2665.0,2650.0
351,354,2477.5,2590.0,2575.0,2665.0
352,355,2305.0,2477.5,2590.0,2575.0
353,356,2510.0,2305.0,2477.5,2590.0
354,357,2697.5,2510.0,2305.0,2477.5
355,358,2750.0,2697.5,2510.0,2305.0
356,359,2740.0,2750.0,2697.5,2510.0
357,360,2905.0,2740.0,2750.0,2697.5
358,361,2815.0,2905.0,2740.0,2750.0
359,362,2650.0,2815.0,2905.0,2740.0
360,363,2750.0,2650.0,2815.0,2905.0
361,364,2852.5,2750.0,2650.0,2815.0
362,365,2905.0,2852.5,2750.0,2650.0
363,366,3050.0,2905.0,2852.5,2750.0
364,367,2795.0,3050.0,2905.0,2852.5
365,368,2875.0,2795.0,3050.0,2905.0
366,369,2830.0,2875.0,2795.0,3050.0
367,370,2922.5,2830.0,2875.0,2795.0
368,371,2800.0,2922.5,2830.0,2875.0
369,372,2755.0,2800.0,2922.5,2830.0
370,373,2750.0,2755.0,2800.0,2922.5
371,374,2815.0,2750.0,2755.0,2800.0
372,375,2645.0,2815.0,2750.0,2755.0
373,376,2505.0,2645.0,2815.0,2750.0
374,377,2682.5,2505.0,2645.0,2815.0
375,378,2905.0,2682.5,2505.0,2645.0
376,379,2885.0,2905.0,2682.5,2505.0
377,380,2805.0,2885.0,2905.0,2682.5
378,381,3050.0,2805.0,2885.0,2905.0
379,382,2920.0,3050.0,2805.0,2885.0
380,383,2780.0,2920.0,3050.0,2805.0
381,384,2930.0,2780.0,2920.0,3050.0
382,385,2905.0,2930.0,2780.0,2920.0
383,386,2790.0,2905.0,2930.0,2780.0
384,387,3080.0,2790.0,2905.0,2930.0
385,388,2885.0,3080.0,2790.0,2905.0
386,389,2975.0,2885.0,3080.0,2790.0
387,390,2875.0,2975.0,2885.0,3080.0
388,391,3137.5,2875.0,2975.0,2885.0
389,392,2997.5,3137.5,2875.0,2975.0
390,393,3050.0,2997.5,3137.5,2875.0
391,394,2925.0,3050.0,2997.5,3137.5
392,395,2805.0,2925.0,3050.0,2997.5
393,396,2695.0,2805.0,2925.0,3050.0
394,397,2407.5,2695.0,2805.0,2925.0
395,398,2590.0,2407.5,2695.0,2805.0
396,399,2555.0,2590.0,2407.5,2695.0
397,400,2580.0,2555.0,2590.0,2407.5
398,401,2680.0,2580.0,2555.0,2590.0
399,402,2522.5,2680.0,2580.0,2555.0
400,403,2505.0,2522.5,2680.0,2580.0
401,404,2217.5,2505.0,2522.5,2680.0
402,405,2490.0,2217.5,2505.0,2522.5
403,406,2430.0,2490.0,2217.5,2505.0
404,407,2445.0,2430.0,2490.0,2217.5
405,408,2805.0,2445.0,2430.0,2490.0
406,409,2630.0,2805.0,2445.0,2430.0
407,410,2680.0,2630.0,2805.0,2445.0
408,411,2465.0,2680.0,2630.0,2805.0
409,412,2770.0,2465.0,2680.0,2630.0
410,413,2915.0,2770.0,2465.0,2680.0
411,414,2695.0,2915.0,2770.0,2465.0
412,415,2650.0,2695.0,2915.0,2770.0
413,416,2650.0,2650.0,2695.0,2915.0
414,417,2570.0,2650.0,2650.0,2695.0
415,418,2550.0,2570.0,2650.0,2650.0
416,419,2640.0,2550.0,2570.0,2650.0
417,420,2665.0,2640.0,2550.0,2570.0
418,421,2680.0,2665.0,2640.0,2550.0
419,422,2685.0,2680.0,2665.0,2640.0
420,423,2550.0,2685.0,2680.0,2665.0
421,424,2480.0,2550.0,2685.0,2680.0
422,425,2240.0,2480.0,2550.0,2685.0
423,426,2417.5,2240.0,2480.0,2550.0
424,427,2357.5,2417.5,2240.0,2480.0
425,428,2325.0,2357.5,2417.5,2240.0
426,429,2367.5,2325.0,2357.5,2417.5
427,430,2347.5,2367.5,2325.0,2357.5
428,431,2325.0,2347.5,2367.5,2325.0
429,432,2292.5,2325.0,2347.5,2367.5
430,433,2515.0,2292.5,2325.0,2347.5
431,434,2425.0,2515.0,2292.5,2325.0
432,435,2450.0,2425.0,2515.0,2292.5
433,436,2400.0,2450.0,2425.0,2515.0
434,437,2400.0,2400.0,2450.0,2425.0
435,438,2405.0,2400.0,2400.0,2450.0
436,439,2365.0,2405.0,2400.0,2400.0
437,440,2485.0,2365.0,2405.0,2400.0
438,441,2365.0,2485.0,2365.0,2405.0
439,442,2370.0,2365.0,2485.0,2365.0
440,443,2355.0,2370.0,2365.0,2485.0
441,444,2300.0,2355.0,2370.0,2365.0
442,445,2360.0,2300.0,2355.0,2370.0
443,446,2100.0,2360.0,2300.0,2355.0
444,447,2470.0,2100.0,2360.0,2300.0
445,448,2370.0,2470.0,2100.0,2360.0
446,449,2385.0,2370.0,2470.0,2100.0
447,450,2385.0,2385.0,2370.0,2470.0
448,451,2440.0,2385.0,2385.0,2370.0
449,452,2305.0,2440.0,2385.0,2385.0
450,453,2345.0,2305.0,2440.0,2385.0
451,454,2420.0,2345.0,2305.0,2440.0
452,455,2335.0,2420.0,2345.0,2305.0
453,456,2315.0,2335.0,2420.0,2345.0
454,457,2365.0,2315.0,2335.0,2420.0
455,458,2325.0,2365.0,2315.0,2335.0
456,459,2260.0,2325.0,2365.0,2315.0
457,460,2037.5,2260.0,2325.0,2365.0
458,461,2300.0,2037.5,2260.0,2325.0
459,462,2305.0,2300.0,2037.5,2260.0
460,463,2310.0,2305.0,2300.0,2037.5
461,464,2430.0,2310.0,2305.0,2300.0
462,465,2430.0,2430.0,2310.0,2305.0
463,466,2330.0,2430.0,2430.0,2310.0
464,467,2127.5,2330.0,2430.0,2430.0
465,468,2285.0,2127.5,2330.0,2430.0
466,469,2295.0,2285.0,2127.5,2330.0
467,470,2280.0,2295.0,2285.0,2127.5
468,471,2320.0,2280.0,2295.0,2285.0
469,472,2365.0,2320.0,2280.0,2295.0
470,473,2310.0,2365.0,2320.0,2280.0
471,474,2075.0,2310.0,2365.0,2320.0
472,475,2405.0,2075.0,2310.0,2365.0
473,476,2370.0,2405.0,2075.0,2310.0
474,477,2320.0,2370.0,2405.0,2075.0
475,478,2342.5,2320.0,2370.0,2405.0
476,479,2400.0,2342.5,2320.0,2370.0
477,480,2385.0,2400.0,2342.5,2320.0
478,481,2090.0,2385.0,2400.0,2342.5
479,482,2295.0,2090.0,2385.0,2400.0
480,483,2230.0,2295.0,2090.0,2385.0
481,484,2190.0,2230.0,2295.0,2090.0
482,485,2195.0,2190.0,2230.0,2295.0
483,486,2365.0,2195.0,2190.0,2230.0
484,487,2395.0,2365.0,2195.0,2190.0
485,488,2187.5,2395.0,2365.0,2195.0
486,489,2390.0,2187.5,2395.0,2365.0
487,490,2440.0,2390.0,2187.5,2395.0
488,491,2375.0,2440.0,2390.0,2187.5
489,492,2310.0,2375.0,2440.0,2390.0
490,493,2320.0,2310.0,2375.0,2440.0
491,494,2340.0,2320.0,2310.0,2375.0
492,495,2082.5,2340.0,2320.0,2310.0
493,496,2337.538364,2082.5,2340.0,2320.0
494,497,2320.0,2337.538364,2082.5,2340.0
495,498,2355.0,2320.0,2337.538364,2082.5
496,499,2355.0,2355.0,2320.0,2337.538364
497,500,2415.0,2355.0,2355.0,2320.0
498,501,2222.5,2415.0,2355.0,2355.0
499,502,2160.0,2222.5,2415.0,2355.0
500,503,2485.0,2160.0,2222.5,2415.0
501,504,2582.5,2485.0,2160.0,2222.5
502,505,2520.0,2582.5,2485.0,2160.0
503,506,2600.0,2520.0,2582.5,2485.0
504,507,2490.0,2600.0,2520.0,2582.5
505,508,2380.0,2490.0,2600.0,2520.0
506,509,2165.0,2380.0,2490.0,2600.0
507,510,2430.0,2165.0,2380.0,2490.0
508,511,2530.0,2430.0,2165.0,2380.0
509,512,2475.0,2530.0,2430.0,2165.0
510,513,2385.0,2475.0,2530.0,2430.0
511,514,2305.0,2385.0,2475.0,2530.0
512,515,2230.0,2305.0,2385.0,2475.0
513,516,2050.0,2230.0,2305.0,2385.0
514,517,2185.0,2050.0,2230.0,2305.0
515,518,2220.0,2185.0,2050.0,2230.0
516,519,2240.0,2220.0,2185.0,2050.0
517,520,2285.0,2240.0,2220.0,2185.0
518,521,2372.5,2285.0,2240.0,2220.0
519,522,2507.5,2372.5,2285.0,2240.0
520,523,2295.0,2507.5,2372.5,2285.0
521,524,2422.5,2295.0,2507.5,2372.5
522,525,2480.0,2422.5,2295.0,2507.5
523,526,2405.0,2480.0,2422.5,2295.0
524,527,2345.0,2405.0,2480.0,2422.5
525,528,2315.0,2345.0,2405.0,2480.0
526,529,2350.0,2315.0,2345.0,2405.0
527,530,1960.0,2350.0,2315.0,2345.0
528,531,2240.0,1960.0,2350.0,2315.0
529,532,2265.0,2240.0,1960.0,2350.0
530,533,2305.0,2265.0,2240.0,1960.0
531,534,2550.0,2305.0,2265.0,2240.0
532,535,2560.0,2550.0,2305.0,2265.0
533,536,2540.0,2560.0,2550.0,2305.0
534,537,2292.5,2540.0,2560.0,2550.0
535,538,2565.0,2292.5,2540.0,2560.0
536,539,2585.0,2565.0,2292.5,2540.0
537,540,2625.0,2585.0,2565.0,2292.5
538,541,2695.0,2625.0,2585.0,2565.0
539,542,2745.0,2695.0,2625.0,2585.0
540,543,2750.0,2745.0,2695.0,2625.0
541,544,2260.0,2750.0,2745.0,2695.0
542,545,2525.0,2260.0,2750.0,2745.0
543,546,2620.0,2525.0,2260.0,2750.0
544,547,2740.0,2620.0,2525.0,2260.0
545,548,2760.0,2740.0,2620.0,2525.0
546,549,2725.0,2760.0,2740.0,2620.0
547,550,2730.0,2725.0,2760.0,2740.0
548,551,2395.0,2730.0,2725.0,2760.0
549,552,2740.0,2395.0,2730.0,2725.0
550,553,2805.0,2740.0,2395.0,2730.0
551,554,2825.0,2805.0,2740.0,2395.0
552,555,2790.0,2825.0,2805.0,2740.0
553,556,2725.0,2790.0,2825.0,2805.0
554,557,2610.0,2725.0,2790.0,2825.0
555,558,2270.0,2610.0,2725.0,2790.0
556,559,2705.0,2270.0,2610.0,2725.0
557,560,2740.0,2705.0,2270.0,2610.0
558,561,2790.0,2740.0,2705.0,2270.0
559,562,2800.0,2790.0,2740.0,2705.0
560,563,2755.0,2800.0,2790.0,2740.0
561,564,2710.0,2755.0,2800.0,2790.0
562,565,2340.0,2710.0,2755.0,2800.0
563,566,2585.0,2340.0,2710.0,2755.0
564,567,2705.0,2585.0,2340.0,2710.0
565,568,2750.0,2705.0,2585.0,2340.0
566,569,2825.0,2750.0,2705.0,2585.0
567,570,2950.0,2825.0,2750.0,2705.0
568,571,2860.0,2950.0,2825.0,2750.0
569,572,2420.0,2860.0,2950.0,2825.0
570,573,2612.5,2420.0,2860.0,2950.0
571,574,2660.0,2612.5,2420.0,2860.0
572,575,2672.5,2660.0,2612.5,2420.0
573,576,2690.0,2672.5,2660.0,2612.5
574,577,2675.0,2690.0,2672.5,2660.0
575,578,2660.0,2675.0,2690.0,2672.5
576,579,2415.0,2660.0,2675.0,2690.0
577,580,2715.0,2415.0,2660.0,2675.0
578,581,2730.0,2715.0,2415.0,2660.0
579,582,2730.0,2730.0,2715.0,2415.0
580,583,2725.0,2730.0,2730.0,2715.0
581,584,2755.0,2725.0,2730.0,2730.0
582,585,2720.0,2755.0,2725.0,2730.0
583,586,2445.0,2720.0,2755.0,2725.0
584,587,2785.0,2445.0,2720.0,2755.0
585,588,2815.0,2785.0,2445.0,2720.0
586,589,2740.0,2815.0,2785.0,2445.0
587,590,2690.0,2740.0,2815.0,2785.0
588,591,2720.0,2690.0,2740.0,2815.0
589,592,2710.0,2720.0,2690.0,2740.0
590,593,2475.0,2710.0,2720.0,2690.0
591,594,2670.0,2475.0,2710.0,2720.0
592,595,2630.0,2670.0,2475.0,2710.0
593,596,2535.0,2630.0,2670.0,2475.0
594,597,2200.0,2535.0,2630.0,2670.0
595,598,2257.5,2200.0,2535.0,2630.0
596,599,2440.0,2257.5,2200.0,2535.0
597,600,2465.0,2440.0,2257.5,2200.0
598,601,2740.0,2465.0,2440.0,2257.5
599,602,2655.0,2740.0,2465.0,2440.0
600,603,2640.0,2655.0,2740.0,2465.0
601,604,2702.5,2640.0,2655.0,2740.0
602,605,2845.0,2702.5,2640.0,2655.0
603,606,2850.0,2845.0,2702.5,2640.0
604,607,2545.0,2850.0,2845.0,2702.5
605,608,2890.0,2545.0,2850.0,2845.0
606,609,2915.0,2890.0,2545.0,2850.0
607,610,2860.0,2915.0,2890.0,2545.0
608,611,2882.5,2860.0,2915.0,2890.0
609,612,2835.0,2882.5,2860.0,2915.0
610,613,2660.0,2835.0,2882.5,2860.0
611,614,2275.0,2660.0,2835.0,2882.5
612,615,2567.5,2275.0,2660.0,2835.0
613,616,2540.0,2567.5,2275.0,2660.0
614,617,2485.0,2540.0,2567.5,2275.0
615,618,2485.0,2485.0,2540.0,2567.5
616,619,2755.0,2485.0,2485.0,2540.0
617,620,2710.0,2755.0,2485.0,2485.0
618,621,2205.0,2710.0,2755.0,2485.0
619,622,2530.0,2205.0,2710.0,2755.0
620,623,2555.0,2530.0,2205.0,2710.0
621,624,2600.0,2555.0,2530.0,2205.0
622,625,2612.5,2600.0,2555.0,2530.0
623,626,2602.5,2612.5,2600.0,2555.0
624,627,2530.0,2602.5,2612.5,2600.0
625,628,2210.0,2530.0,2602.5,2612.5
626,629,2545.0,2210.0,2530.0,2602.5
627,630,2580.0,2545.0,2210.0,2530.0
628,631,2635.0,2580.0,2545.0,2210.0
629,632,2615.0,2635.0,2580.0,2545.0
630,633,2560.0,2615.0,2635.0,2580.0
631,634,2490.0,2560.0,2615.0,2635.0
632,635,2230.0,2490.0,2560.0,2615.0
633,636,2665.0,2230.0,2490.0,2560.0
634,637,2822.5,2665.0,2230.0,2490.0
635,638,2700.0,2822.5,2665.0,2230.0
636,639,2730.0,2700.0,2822.5,2665.0
637,640,2785.0,2730.0,2700.0,2822.5
638,641,2647.5,2785.0,2730.0,2700.0
639,642,2175.0,2647.5,2785.0,2730.0
640,643,2545.0,2175.0,2647.5,2785.0
641,644,2485.0,2545.0,2175.0,2647.5
642,645,2460.0,2485.0,2545.0,2175.0
643,646,2445.0,2460.0,2485.0,2545.0
644,647,2430.0,2445.0,2460.0,2485.0
645,648,2385.0,2430.0,2445.0,2460.0
646,649,2102.5,2385.0,2430.0,2445.0
647,650,2332.5,2102.5,2385.0,2430.0
648,651,2355.0,2332.5,2102.5,2385.0
649,652,2380.0,2355.0,2332.5,2102.5
650,653,2390.0,2380.0,2355.0,2332.5
651,654,2400.0,2390.0,2380.0,2355.0
652,655,2357.5,2400.0,2390.0,2380.0
653,656,2125.0,2357.5,2400.0,2390.0
654,657,2365.0,2125.0,2357.5,2400.0
655,658,2350.0,2365.0,2125.0,2357.5
656,659,2397.5,2350.0,2365.0,2125.0
657,660,2440.0,2397.5,2350.0,2365.0
658,661,2445.0,2440.0,2397.5,2350.0
659,662,2312.5,2445.0,2440.0,2397.5
660,663,2017.5,2312.5,2445.0,2440.0
661,664,2275.0,2017.5,2312.5,2445.0
662,665,2275.0,2275.0,2017.5,2312.5
663,666,2330.0,2275.0,2275.0,2017.5
664,667,2340.0,2330.0,2275.0,2275.0
665,668,2340.0,2340.0,2330.0,2275.0
666,669,2280.0,2340.0,2340.0,2330.0
667,670,2070.0,2280.0,2340.0,2340.0
668,671,2375.0,2070.0,2280.0,2340.0
669,672,2435.0,2375.0,2070.0,2280.0
670,673,2470.0,2435.0,2375.0,2070.0
671,674,2505.0,2470.0,2435.0,2375.0
672,675,2450.0,2505.0,2470.0,2435.0
673,676,2345.0,2450.0,2505.0,2470.0
674,677,2215.0,2345.0,2450.0,2505.0
675,678,2407.5,2215.0,2345.0,2450.0
676,679,2390.0,2407.5,2215.0,2345.0
677,680,2465.0,2390.0,2407.5,2215.0
678,681,2477.5,2465.0,2390.0,2407.5
679,682,2555.0,2477.5,2465.0,2390.0
680,683,2390.0,2555.0,2477.5,2465.0
681,684,2375.0,2390.0,2555.0,2477.5
682,685,2485.0,2375.0,2390.0,2555.0
683,686,2455.0,2485.0,2375.0,2390.0
684,687,2415.0,2455.0,2485.0,2375.0
685,688,2315.0,2415.0,2455.0,2485.0
686,689,2475.0,2315.0,2415.0,2455.0
687,690,2455.0,2475.0,2315.0,2415.0
688,691,2420.0,2455.0,2475.0,2315.0
689,692,2655.0,2420.0,2455.0,2475.0
690,693,2485.0,2655.0,2420.0,2455.0
691,694,2470.0,2485.0,2655.0,2420.0
692,695,2490.0,2470.0,2485.0,2655.0
693,696,2400.0,2490.0,2470.0,2485.0
694,697,2400.0,2400.0,2490.0,2470.0
695,698,2205.0,2400.0,2400.0,2490.0
696,699,2515.0,2205.0,2400.0,2400.0
697,700,2550.0,2515.0,2205.0,2400.0
698,701,2540.0,2550.0,2515.0,2205.0
699,702,2540.0,2540.0,2550.0,2515.0
700,703,2585.0,2540.0,2540.0,2550.0
701,704,2800.0,2585.0,2540.0,2540.0
702,705,2705.0,2800.0,2585.0,2540.0
703,706,2915.0,2705.0,2800.0,2585.0
704,707,2755.0,2915.0,2705.0,2800.0
705,708,2720.0,2755.0,2915.0,2705.0
706,709,2697.5,2720.0,2755.0,2915.0
707,710,2765.0,2697.5,2720.0,2755.0
708,711,2830.0,2765.0,2697.5,2720.0
709,712,2475.0,2830.0,2765.0,2697.5
710,713,2737.5,2475.0,2830.0,2765.0
711,714,2915.0,2737.5,2475.0,2830.0
712,715,2740.0,2915.0,2737.5,2475.0
713,716,2680.0,2740.0,2915.0,2737.5
714,717,2695.0,2680.0,2740.0,2915.0
715,718,2935.0,2695.0,2680.0,2740.0
716,719,2595.0,2935.0,2695.0,2680.0
717,720,2765.0,2595.0,2935.0,2695.0
718,721,2770.0,2765.0,2595.0,2935.0
719,722,2805.0,2770.0,2765.0,2595.0
720,723,2675.0,2805.0,2770.0,2765.0
721,724,2735.0,2675.0,2805.0,2770.0
722,725,3110.0,2735.0,2675.0,2805.0
723,726,2915.0,3110.0,2735.0,2675.0
724,727,3107.5,2915.0,3110.0,2735.0
725,728,3000.0,3107.5,2915.0,3110.0
726,729,2895.0,3000.0,3107.5,2915.0
727,730,2712.5,2895.0,3000.0,3107.5
728,731,2900.0,2712.5,2895.0,3000.0
729,732,2860.0,2900.0,2712.5,2895.0
730,733,2625.0,2860.0,2900.0,2712.5
731,734,2870.0,2625.0,2860.0,2900.0
732,735,3055.0,2870.0,2625.0,2860.0
733,736,3050.0,3055.0,2870.0,2625.0
734,737,3205.0,3050.0,3055.0,2870.0
735,738,3315.0,3205.0,3050.0,3055.0
736,739,2980.0,3315.0,3205.0,3050.0
737,740,2720.0,2980.0,3315.0,3205.0
738,741,2905.0,2720.0,2980.0,3315.0
739,742,2945.0,2905.0,2720.0,2980.0
740,743,3152.5,2945.0,2905.0,2720.0
741,744,2885.0,3152.5,2945.0,2905.0
742,745,3030.0,2885.0,3152.5,2945.0
743,746,2990.0,3030.0,2885.0,3152.5
744,747,2820.0,2990.0,3030.0,2885.0
745,748,2920.0,2820.0,2990.0,3030.0
746,749,3030.0,2920.0,2820.0,2990.0
747,750,2810.0,3030.0,2920.0,2820.0
748,751,2730.0,2810.0,3030.0,2920.0
749,752,2750.0,2730.0,2810.0,3030.0
750,753,2665.0,2750.0,2730.0,2810.0
751,754,2400.0,2665.0,2750.0,2730.0
752,755,2555.0,2400.0,2665.0,2750.0
753,756,2655.0,2555.0,2400.0,2665.0
754,757,3020.0,2655.0,2555.0,2400.0
755,758,2765.0,3020.0,2655.0,2555.0
756,759,2730.0,2765.0,3020.0,2655.0
757,760,2662.5,2730.0,2765.0,3020.0
758,761,2450.0,2662.5,2730.0,2765.0
759,762,2612.5,2450.0,2662.5,2730.0
760,763,2670.0,2612.5,2450.0,2662.5
761,764,2650.0,2670.0,2612.5,2450.0
762,765,2647.5,2650.0,2670.0,2612.5
763,766,2895.0,2647.5,2650.0,2670.0
764,767,2875.0,2895.0,2647.5,2650.0
765,768,2572.5,2875.0,2895.0,2647.5
766,769,2857.5,2572.5,2875.0,2895.0
767,770,2860.0,2857.5,2572.5,2875.0
768,771,2830.0,2860.0,2857.5,2572.5
769,772,2680.0,2830.0,2860.0,2857.5
770,773,2650.0,2680.0,2830.0,2860.0
771,774,2735.0,2650.0,2680.0,2830.0
772,775,2705.0,2735.0,2650.0,2680.0
773,776,3075.0,2705.0,2735.0,2650.0
774,777,2850.0,3075.0,2705.0,2735.0
775,778,2970.0,2850.0,3075.0,2705.0
776,779,2930.0,2970.0,2850.0,3075.0
777,780,2805.0,2930.0,2970.0,2850.0
778,781,2787.5,2805.0,2930.0,2970.0
779,782,2550.0,2787.5,2805.0,2930.0
780,783,2765.0,2550.0,2787.5,2805.0
781,784,2650.0,2765.0,2550.0,2787.5
782,785,2505.0,2650.0,2765.0,2550.0
783,786,2545.0,2505.0,2650.0,2765.0
784,787,3005.0,2545.0,2505.0,2650.0
785,788,3160.0,3005.0,2545.0,2505.0
786,789,2825.0,3160.0,3005.0,2545.0
787,790,3090.0,2825.0,3160.0,3005.0
788,791,2840.0,3090.0,2825.0,3160.0
789,792,2865.0,2840.0,3090.0,2825.0
790,793,2860.0,2865.0,2840.0,3090.0
791,794,2627.5,2860.0,2865.0,2840.0
792,795,2740.0,2627.5,2860.0,2865.0
793,796,2485.0,2740.0,2627.5,2860.0
794,797,2607.5,2485.0,2740.0,2627.5
795,798,2540.0,2607.5,2485.0,2740.0
796,799,2520.0,2540.0,2607.5,2485.0
797,800,2495.0,2520.0,2540.0,2607.5
798,801,2432.5,2495.0,2520.0,2540.0
799,802,2875.0,2432.5,2495.0,2520.0
800,803,2507.5,2875.0,2432.5,2495.0
801,804,2995.0,2507.5,2875.0,2432.5
802,805,2842.5,2995.0,2507.5,2875.0
803,806,2505.0,2842.5,2995.0,2507.5
804,807,2455.0,2505.0,2842.5,2995.0
805,808,2330.0,2455.0,2505.0,2842.5
806,809,2225.0,2330.0,2455.0,2505.0
807,810,2140.0,2225.0,2330.0,2455.0
808,811,2435.0,2140.0,2225.0,2330.0
809,812,2565.0,2435.0,2140.0,2225.0
810,813,2835.0,2565.0,2435.0,2140.0
811,814,2775.0,2835.0,2565.0,2435.0
812,815,2715.0,2775.0,2835.0,2565.0
813,816,2435.0,2715.0,2775.0,2835.0
814,817,2530.0,2435.0,2715.0,2775.0
815,818,2705.0,2530.0,2435.0,2715.0
816,819,2835.0,2705.0,2530.0,2435.0
817,820,2825.0,2835.0,2705.0,2530.0
818,821,2705.0,2825.0,2835.0,2705.0
819,822,2505.0,2705.0,2825.0,2835.0
820,823,2427.5,2505.0,2705.0,2825.0
821,824,2280.0,2427.5,2505.0,2705.0
822,825,2535.0,2280.0,2427.5,2505.0
823,826,2310.0,2535.0,2280.0,2427.5
824,827,2272.5,2310.0,2535.0,2280.0
825,828,2250.0,2272.5,2310.0,2535.0
826,829,2287.5,2250.0,2272.5,2310.0
827,830,2245.0,2287.5,2250.0,2272.5
828,831,2057.5,2245.0,2287.5,2250.0
829,832,2250.0,2057.5,2245.0,2287.5
830,833,2232.5,2250.0,2057.5,2245.0
831,834,2435.0,2232.5,2250.0,2057.5
832,835,2485.0,2435.0,2232.5,2250.0
833,836,2450.0,2485.0,2435.0,2232.5
834,837,2425.0,2450.0,2485.0,2435.0
835,838,2422.5,2425.0,2450.0,2485.0
836,839,2660.0,2422.5,2425.0,2450.0
837,840,2905.0,2660.0,2422.5,2425.0
838,841,2822.5,2905.0,2660.0,2422.5
839,842,2495.0,2822.5,2905.0,2660.0
840,843,2380.0,2495.0,2822.5,2905.0
841,844,2235.0,2380.0,2495.0,2822.5
842,845,2035.0,2235.0,2380.0,2495.0
843,846,2247.5,2035.0,2235.0,2380.0
844,847,2220.0,2247.5,2035.0,2235.0
845,848,2240.0,2220.0,2247.5,2035.0
846,849,2345.0,2240.0,2220.0,2247.5
847,850,2345.0,2345.0,2240.0,2220.0
848,851,2255.0,2345.0,2345.0,2240.0
849,852,2060.0,2255.0,2345.0,2345.0
850,853,2220.0,2060.0,2255.0,2345.0
851,854,2320.0,2220.0,2060.0,2255.0
852,855,2320.0,2320.0,2220.0,2060.0
853,856,2127.5,2320.0,2320.0,2220.0
854,857,2120.0,2127.5,2320.0,2320.0
855,858,2180.0,2120.0,2127.5,2320.0
856,859,1972.5,2180.0,2120.0,2127.5
857,860,2115.0,1972.5,2180.0,2120.0
858,861,2145.0,2115.0,1972.5,2180.0
859,862,2165.0,2145.0,2115.0,1972.5
860,863,2242.5,2165.0,2145.0,2115.0
861,864,2357.5,2242.5,2165.0,2145.0
862,865,2340.0,2357.5,2242.5,2165.0
863,866,2165.0,2340.0,2357.5,2242.5
864,867,2175.0,2165.0,2340.0,2357.5
865,868,2172.5,2175.0,2165.0,2340.0
866,869,2215.0,2172.5,2175.0,2165.0
867,870,2350.0,2215.0,2172.5,2175.0
868,871,2437.5,2350.0,2215.0,2172.5
869,872,2565.0,2437.5,2350.0,2215.0
870,873,2530.0,2565.0,2437.5,2350.0
871,874,2410.0,2530.0,2565.0,2437.5
872,875,2372.5,2410.0,2530.0,2565.0
873,876,2380.0,2372.5,2410.0,2530.0
874,877,2480.0,2380.0,2372.5,2410.0
875,878,2580.0,2480.0,2380.0,2372.5
876,879,2715.0,2580.0,2480.0,2380.0
877,880,2600.0,2715.0,2580.0,2480.0
878,881,2570.0,2600.0,2715.0,2580.0
879,882,2565.0,2570.0,2600.0,2715.0
880,883,2632.5,2565.0,2570.0,2600.0
881,884,2590.0,2632.5,2565.0,2570.0
882,885,2360.0,2590.0,2632.5,2565.0
883,886,2435.0,2360.0,2590.0,2632.5
884,887,2410.0,2435.0,2360.0,2590.0
885,888,2595.0,2410.0,2435.0,2360.0
886,889,2495.0,2595.0,2410.0,2435.0
887,890,2590.0,2495.0,2595.0,2410.0
888,891,2660.0,2590.0,2495.0,2595.0
889,892,2657.5,2660.0,2590.0,2495.0
890,893,2462.5,2657.5,2660.0,2590.0
891,894,2165.0,2462.5,2657.5,2660.0
892,895,2485.0,2165.0,2462.5,2657.5
893,896,2575.0,2485.0,2165.0,2462.5
894,897,2552.5,2575.0,2485.0,2165.0
895,898,2550.0,2552.5,2575.0,2485.0
896,899,2520.0,2550.0,2552.5,2575.0
897,900,2510.0,2520.0,2550.0,2552.5
898,901,2190.0,2510.0,2520.0,2550.0
899,902,2495.0,2190.0,2510.0,2520.0
900,903,2655.0,2495.0,2190.0,2510.0
901,904,2785.0,2655.0,2495.0,2190.0
902,905,2940.20008,2785.0,2655.0,2495.0
903,906,2900.0,2940.20008,2785.0,2655.0
904,907,2687.5,2900.0,2940.20008,2785.0
905,908,2335.0,2687.5,2900.0,2940.20008
906,909,2665.0,2335.0,2687.5,2900.0
907,910,2772.5,2665.0,2335.0,2687.5
908,911,2705.0,2772.5,2665.0,2335.0
909,912,2605.0,2705.0,2772.5,2665.0
910,913,2595.0,2605.0,2705.0,2772.5
911,914,2565.0,2595.0,2605.0,2705.0
912,915,2302.5,2565.0,2595.0,2605.0
913,916,2630.0,2302.5,2565.0,2595.0
914,917,2740.0,2630.0,2302.5,2565.0
915,918,2700.0,2740.0,2630.0,2302.5
916,919,2705.0,2700.0,2740.0,2630.0
917,920,2770.0,2705.0,2700.0,2740.0
918,921,2715.0,2770.0,2705.0,2700.0
919,922,2450.0,2715.0,2770.0,2705.0
920,923,2610.0,2450.0,2715.0,2770.0
921,924,2680.0,2610.0,2450.0,2715.0
922,925,2612.5,2680.0,2610.0,2450.0
923,926,2660.0,2612.5,2680.0,2610.0
924,927,2952.5,2660.0,2612.5,2680.0
925,928,2730.0,2952.5,2660.0,2612.5
926,929,2325.0,2730.0,2952.5,2660.0
927,930,2630.0,2325.0,2730.0,2952.5
928,931,2680.0,2630.0,2325.0,2730.0
929,932,2750.0,2680.0,2630.0,2325.0
930,933,2730.0,2750.0,2680.0,2630.0
931,934,2725.0,2730.0,2750.0,2680.0
932,935,2690.0,2725.0,2730.0,2750.0
933,936,2417.5,2690.0,2725.0,2730.0
934,937,2710.0,2417.5,2690.0,2725.0
935,938,2745.0,2710.0,2417.5,2690.0
936,939,2760.0,2745.0,2710.0,2417.5
937,940,2830.0,2760.0,2745.0,2710.0
938,941,3000.0,2830.0,2760.0,2745.0
939,942,2897.5,3000.0,2830.0,2760.0
940,943,2460.0,2897.5,3000.0,2830.0
941,944,2727.5,2460.0,2897.5,3000.0
942,945,2865.0,2727.5,2460.0,2897.5
943,946,2900.0,2865.0,2727.5,2460.0
944,947,2760.0,2900.0,2865.0,2727.5
945,948,2755.0,2760.0,2900.0,2865.0
946,949,2645.0,2755.0,2760.0,2900.0
947,950,2415.0,2645.0,2755.0,2760.0
948,951,2427.5,2415.0,2645.0,2755.0
949,952,2175.0,2427.5,2415.0,2645.0
950,953,2255.0,2175.0,2427.5,2415.0
951,954,2360.0,2255.0,2175.0,2427.5
952,955,2470.0,2360.0,2255.0,2175.0
953,956,2590.0,2470.0,2360.0,2255.0
954,957,2445.0,2590.0,2470.0,2360.0
955,958,2740.0,2445.0,2590.0,2470.0
956,959,2735.0,2740.0,2445.0,2590.0
957,960,2715.0,2735.0,2740.0,2445.0
958,961,2702.5,2715.0,2735.0,2740.0
959,962,2700.0,2702.5,2715.0,2735.0
960,963,2760.0,2700.0,2702.5,2715.0
961,964,2515.0,2760.0,2700.0,2702.5
962,965,2910.0,2515.0,2760.0,2700.0
963,966,2850.0,2910.0,2515.0,2760.0
964,967,2777.5,2850.0,2910.0,2515.0
965,968,2940.0,2777.5,2850.0,2910.0
966,969,2930.0,2940.0,2777.5,2850.0
967,970,2862.5,2930.0,2940.0,2777.5
968,971,2450.0,2862.5,2930.0,2940.0
969,972,2710.0,2450.0,2862.5,2930.0
970,973,2892.5,2710.0,2450.0,2862.5
971,974,2785.0,2892.5,2710.0,2450.0
972,975,2725.0,2785.0,2892.5,2710.0
973,976,2655.0,2725.0,2785.0,2892.5
974,977,2572.5,2655.0,2725.0,2785.0
975,978,2250.0,2572.5,2655.0,2725.0
976,979,2545.0,2250.0,2572.5,2655.0
977,980,2585.0,2545.0,2250.0,2572.5
978,981,2612.5,2585.0,2545.0,2250.0
979,982,2640.0,2612.5,2585.0,2545.0
980,983,2615.0,2640.0,2612.5,2585.0
981,984,2532.5,2615.0,2640.0,2612.5
982,985,2220.0,2532.5,2615.0,2640.0
983,986,2542.5,2220.0,2532.5,2615.0
984,987,2527.5,2542.5,2220.0,2532.5
985,988,2550.0,2527.5,2542.5,2220.0
986,989,2540.0,2550.0,2527.5,2542.5
987,990,2675.0,2540.0,2550.0,2527.5
988,991,2795.0,2675.0,2540.0,2550.0
989,992,2405.0,2795.0,2675.0,2540.0
990,993,2545.0,2405.0,2795.0,2675.0
991,994,2600.0,2545.0,2405.0,2795.0
992,995,2470.0,2600.0,2545.0,2405.0
993,996,2500.0,2470.0,2600.0,2545.0
994,997,2495.0,2500.0,2470.0,2600.0
995,998,2510.0,2495.0,2500.0,2470.0
996,999,2260.0,2510.0,2495.0,2500.0
997,1000,2552.5,2260.0,2510.0,2495.0
998,1001,2570.0,2552.5,2260.0,2510.0
999,1002,2580.0,2570.0,2552.5,2260.0
1000,1003,2555.0,2580.0,2570.0,2552.5
1001,1004,2510.0,2555.0,2580.0,2570.0
1002,1005,2380.0,2510.0,2555.0,2580.0
1003,1006,2060.0,2380.0,2510.0,2555.0
1004,1007,2420.0,2060.0,2380.0,2510.0
1005,1008,2450.0,2420.0,2060.0,2380.0
1006,1009,2415.0,2450.0,2420.0,2060.0
1007,1010,2495.0,2415.0,2450.0,2420.0
1008,1011,2505.0,2495.0,2415.0,2450.0
1009,1012,2502.5,2505.0,2495.0,2415.0
1010,1013,2200.0,2502.5,2505.0,2495.0
1011,1014,2500.0,2200.0,2502.5,2505.0
1012,1015,2502.5,2500.0,2200.0,2502.5
1013,1016,2640.0,2502.5,2500.0,2200.0
1014,1017,2640.0,2640.0,2502.5,2500.0
1015,1018,2555.0,2640.0,2640.0,2502.5
1016,1019,2485.0,2555.0,2640.0,2640.0
1017,1020,2070.0,2485.0,2555.0,2640.0
1018,1021,2405.0,2070.0,2485.0,2555.0
1019,1022,2357.5,2405.0,2070.0,2485.0
1020,1023,2347.5,2357.5,2405.0,2070.0
1021,1024,2375.0,2347.5,2357.5,2405.0
1022,1025,2325.0,2375.0,2347.5,2357.5
1023,1026,2250.0,2325.0,2375.0,2347.5
1024,1027,2040.0,2250.0,2325.0,2375.0
1025,1028,2395.0,2040.0,2250.0,2325.0
1026,1029,2310.0,2395.0,2040.0,2250.0
1027,1030,2295.0,2310.0,2395.0,2040.0
1028,1031,2312.5,2295.0,2310.0,2395.0
1029,1032,2300.0,2312.5,2295.0,2310.0
1030,1033,2222.5,2300.0,2312.5,2295.0
1031,1034,2007.5,2222.5,2300.0,2312.5
1032,1035,2295.0,2007.5,2222.5,2300.0
1033,1036,2280.0,2295.0,2007.5,2222.5
1034,1037,2265.0,2280.0,2295.0,2007.5
1035,1038,2300.0,2265.0,2280.0,2295.0
1036,1039,2312.5,2300.0,2265.0,2280.0
1037,1040,2255.0,2312.5,2300.0,2265.0
1038,1041,1990.0,2255.0,2312.5,2300.0
1039,1042,2185.0,1990.0,2255.0,2312.5
1040,1043,2315.0,2185.0,1990.0,2255.0
1041,1044,2300.0,2315.0,2185.0,1990.0
1042,1045,2295.0,2300.0,2315.0,2185.0
1043,1046,2315.0,2295.0,2300.0,2315.0
1044,1047,2300.0,2315.0,2295.0,2300.0
1045,1048,2047.5,2300.0,2315.0,2295.0
1046,1049,2317.5,2047.5,2300.0,2315.0
1047,1050,2279.543901,2317.5,2047.5,2300.0
1048,1051,2417.5,2279.543901,2317.5,2047.5
1049,1052,2490.0,2417.5,2279.543901,2317.5
1050,1053,2570.0,2490.0,2417.5,2279.543901
1051,1054,2515.0,2570.0,2490.0,2417.5
1052,1055,2357.5,2515.0,2570.0,2490.0
1053,1056,2570.0,2357.5,2515.0,2570.0
1054,1057,2545.0,2570.0,2357.5,2515.0
1055,1058,2495.0,2545.0,2570.0,2357.5
1056,1059,2472.5,2495.0,2545.0,2570.0
1057,1060,2445.0,2472.5,2495.0,2545.0
1058,1061,2380.0,2445.0,2472.5,2495.0
1059,1062,2215.0,2380.0,2445.0,2472.5
1060,1063,2432.5,2215.0,2380.0,2445.0
1061,1064,2465.0,2432.5,2215.0,2380.0
1062,1065,2585.0,2465.0,2432.5,2215.0
1063,1066,2555.0,2585.0,2465.0,2432.5
1064,1067,2585.0,2555.0,2585.0,2465.0
1065,1068,2570.0,2585.0,2555.0,2585.0
1066,1069,2595.0,2570.0,2585.0,2555.0
1067,1070,2755.0,2595.0,2570.0,2585.0
1068,1071,2930.0,2755.0,2595.0,2570.0
1069,1072,2885.0,2930.0,2755.0,2595.0
1070,1073,2755.0,2885.0,2930.0,2755.0
1071,1074,2765.0,2755.0,2885.0,2930.0
1072,1075,2720.0,2765.0,2755.0,2885.0
1073,1076,2612.5,2720.0,2765.0,2755.0
1074,1077,2750.0,2612.5,2720.0,2765.0
1075,1078,2915.0,2750.0,2612.5,2720.0
1076,1079,2795.0,2915.0,2750.0,2612.5
1077,1080,2715.0,2795.0,2915.0,2750.0
1078,1081,2730.0,2715.0,2795.0,2915.0
1079,1082,2670.0,2730.0,2715.0,2795.0
1080,1083,2500.0,2670.0,2730.0,2715.0
1081,1084,2710.0,2500.0,2670.0,2730.0
1082,1085,2692.5,2710.0,2500.0,2670.0
1083,1086,2710.0,2692.5,2710.0,2500.0
1084,1087,2687.5,2710.0,2692.5,2710.0
1085,1088,2890.0,2687.5,2710.0,2692.5
1086,1089,3080.0,2890.0,2687.5,2710.0
1087,1090,2945.0,3080.0,2890.0,2687.5
1088,1091,3085.0,2945.0,3080.0,2890.0
1089,1092,2920.0,3085.0,2945.0,3080.0
1090,1093,2930.0,2920.0,3085.0,2945.0
1091,1094,2775.0,2930.0,2920.0,3085.0
1092,1095,2760.0,2775.0,2930.0,2920.0
1093,1096,2787.5,2760.0,2775.0,2930.0
1094,1097,2675.0,2787.5,2760.0,2775.0
1095,1098,3267.5,2675.0,2787.5,2760.0
1096,1099,3150.0,3267.5,2675.0,2787.5
1097,1100,2945.0,3150.0,3267.5,2675.0
1098,1101,3090.0,2945.0,3150.0,3267.5
1099,1102,3355.0,3090.0,2945.0,3150.0
1100,1103,3360.0,3355.0,3090.0,2945.0
1101,1104,3110.0,3360.0,3355.0,3090.0
1102,1105,3080.0,3110.0,3360.0,3355.0
1103,1106,3190.0,3080.0,3110.0,3360.0
1104,1107,3152.5107040000007,3190.0,3080.0,3110.0
1105,1108,3022.5,3152.5107040000007,3190.0,3080.0
1106,1109,2897.5,3022.5,3152.5107040000007,3190.0
1107,1110,2880.0,2897.5,3022.5,3152.5107040000007
1108,1111,2725.0,2880.0,2897.5,3022.5
1109,1112,3195.0,2725.0,2880.0,2897.5
1110,1113,3192.5,3195.0,2725.0,2880.0
1111,1114,3315.0,3192.5,3195.0,2725.0
1112,1115,3350.0,3315.0,3192.5,3195.0
1113,1116,3240.0,3350.0,3315.0,3192.5
1114,1117,3197.5,3240.0,3350.0,3315.0
1115,1118,3115.0,3197.5,3240.0,3350.0
1116,1119,3045.0,3115.0,3197.5,3240.0
1117,1120,3010.0,3045.0,3115.0,3197.5
1118,1121,2995.0,3010.0,3045.0,3115.0
1119,1122,3015.0,2995.0,3010.0,3045.0
1120,1123,3112.5,3015.0,2995.0,3010.0
1121,1124,2765.0,3112.5,3015.0,2995.0
1122,1125,2865.0,2765.0,3112.5,3015.0
1123,1126,3245.0,2865.0,2765.0,3112.5
1124,1127,3022.5,3245.0,2865.0,2765.0
1125,1128,2800.0,3022.5,3245.0,2865.0
1126,1129,2867.5,2800.0,3022.5,3245.0
1127,1130,2720.0,2867.5,2800.0,3022.5
1128,1131,2590.0,2720.0,2867.5,2800.0
1129,1132,2937.5,2590.0,2720.0,2867.5
1130,1133,3310.0,2937.5,2590.0,2720.0
1131,1134,3450.0,3310.0,2937.5,2590.0
1132,1135,3515.0,3450.0,3310.0,2937.5
1133,1136,3455.0,3515.0,3450.0,3310.0
1134,1137,3055.0,3455.0,3515.0,3450.0
1135,1138,2750.0,3055.0,3455.0,3515.0
1136,1139,2707.5,2750.0,3055.0,3455.0
1137,1140,2760.0,2707.5,2750.0,3055.0
1138,1141,2755.0,2760.0,2707.5,2750.0
1139,1142,2700.0,2755.0,2760.0,2707.5
1140,1143,2700.0,2700.0,2755.0,2760.0
1141,1144,2955.0,2700.0,2700.0,2755.0
1142,1145,2930.0,2955.0,2700.0,2700.0
1143,1146,2615.0,2930.0,2955.0,2700.0
1144,1147,3070.0,2615.0,2930.0,2955.0
1145,1148,2837.5,3070.0,2615.0,2930.0
1146,1149,2655.0,2837.5,3070.0,2615.0
1147,1150,3027.5,2655.0,2837.5,3070.0
1148,1151,2822.5,3027.5,2655.0,2837.5
1149,1152,2577.5,2822.5,3027.5,2655.0
1150,1153,2305.0,2577.5,2822.5,3027.5
1151,1154,2820.0,2305.0,2577.5,2822.5
1152,1155,2860.0,2820.0,2305.0,2577.5
1153,1156,2845.0,2860.0,2820.0,2305.0
1154,1157,2585.0,2845.0,2860.0,2820.0
1155,1158,2455.0,2585.0,2845.0,2860.0
1156,1159,2315.0,2455.0,2585.0,2845.0
1157,1160,2590.0,2315.0,2455.0,2585.0
1158,1161,2750.0,2590.0,2315.0,2455.0
1159,1162,2425.0,2750.0,2590.0,2315.0
1160,1163,2420.0,2425.0,2750.0,2590.0
1161,1164,2310.0,2420.0,2425.0,2750.0
1162,1165,2255.0,2310.0,2420.0,2425.0
1163,1166,2435.0,2255.0,2310.0,2420.0
1164,1167,2350.0,2435.0,2255.0,2310.0
1165,1168,2730.0,2350.0,2435.0,2255.0
1166,1169,2500.0,2730.0,2350.0,2435.0
1167,1170,2360.0,2500.0,2730.0,2350.0
1168,1171,2512.5,2360.0,2500.0,2730.0
1169,1172,2755.0,2512.5,2360.0,2500.0
1170,1173,2735.0,2755.0,2512.5,2360.0
1171,1174,2877.5,2735.0,2755.0,2512.5
1172,1175,2715.0,2877.5,2735.0,2755.0
1173,1176,2540.0,2715.0,2877.5,2735.0
1174,1177,2260.0,2540.0,2715.0,2877.5
1175,1178,2095.0,2260.0,2540.0,2715.0
1176,1179,2135.0,2095.0,2260.0,2540.0
1177,1180,2160.0,2135.0,2095.0,2260.0
1178,1181,2067.5,2160.0,2135.0,2095.0
1179,1182,2260.0,2067.5,2160.0,2135.0
1180,1183,2235.0,2260.0,2067.5,2160.0
1181,1184,2155.0,2235.0,2260.0,2067.5
1182,1185,2150.0,2155.0,2235.0,2260.0
1183,1186,2372.5,2150.0,2155.0,2235.0
1184,1187,2214.8161725,2372.5,2150.0,2155.0
1185,1188,2065.0,2214.8161725,2372.5,2150.0
1186,1189,2030.0,2065.0,2214.8161725,2372.5
1187,1190,2115.0,2030.0,2065.0,2214.8161725
1188,1191,2070.0,2115.0,2030.0,2065.0
1189,1192,2055.0,2070.0,2115.0,2030.0
1190,1193,2205.0,2055.0,2070.0,2115.0
1191,1194,2242.5,2205.0,2055.0,2070.0
1192,1195,2425.0,2242.5,2205.0,2055.0
1193,1196,2380.0,2425.0,2242.5,2205.0
1194,1197,2225.0,2380.0,2425.0,2242.5
1195,1198,2155.0,2225.0,2380.0,2425.0
1196,1199,2070.0,2155.0,2225.0,2380.0
1197,1200,2075.0,2070.0,2155.0,2225.0
1198,1201,2035.0,2075.0,2070.0,2155.0
1199,1202,2020.0,2035.0,2075.0,2070.0
1200,1203,1895.0,2020.0,2035.0,2075.0
1201,1204,2025.0,1895.0,2020.0,2035.0
1202,1205,2020.0,2025.0,1895.0,2020.0
1203,1206,2050.0,2020.0,2025.0,1895.0
1204,1207,2050.0,2050.0,2020.0,2025.0
1205,1208,2045.0,2050.0,2050.0,2020.0
1206,1209,1945.0,2045.0,2050.0,2050.0
1207,1210,2205.0,1945.0,2045.0,2050.0
1208,1211,2185.0,2205.0,1945.0,2045.0
1209,1212,2210.0,2185.0,2205.0,1945.0
1210,1213,2080.0,2210.0,2185.0,2205.0
1211,1214,2090.0,2080.0,2210.0,2185.0
1212,1215,2040.0,2090.0,2080.0,2210.0
1213,1216,1935.0,2040.0,2090.0,2080.0
1214,1217,2110.0,1935.0,2040.0,2090.0
1215,1218,2035.0,2110.0,1935.0,2040.0
1216,1219,2005.0,2035.0,2110.0,1935.0
1217,1220,2210.0,2005.0,2035.0,2110.0
1218,1221,2140.0,2210.0,2005.0,2035.0
1219,1222,2007.5,2140.0,2210.0,2005.0
1220,1223,1910.0,2007.5,2140.0,2210.0
1221,1224,2112.5,1910.0,2007.5,2140.0
1222,1225,2020.0,2112.5,1910.0,2007.5
1223,1226,2062.5,2020.0,2112.5,1910.0
1224,1227,2040.0,2062.5,2020.0,2112.5
1225,1228,2135.0,2040.0,2062.5,2020.0
1226,1229,2165.0,2135.0,2040.0,2062.5
1227,1230,2065.0,2165.0,2135.0,2040.0
1228,1231,2305.0,2065.0,2165.0,2135.0
1229,1232,2445.0,2305.0,2065.0,2165.0
1230,1233,2497.5,2445.0,2305.0,2065.0
1231,1234,2605.0,2497.5,2445.0,2305.0
1232,1235,2630.0,2605.0,2497.5,2445.0
1233,1236,2570.0,2630.0,2605.0,2497.5
1234,1237,2200.0,2570.0,2630.0,2605.0
1235,1238,1945.0,2200.0,2570.0,2630.0
1236,1239,1810.0,1945.0,2200.0,2570.0
1237,1240,1722.5,1810.0,1945.0,2200.0
1238,1241,2050.0,1722.5,1810.0,1945.0
1239,1242,2185.0,2050.0,1722.5,1810.0
1240,1243,2050.0,2185.0,2050.0,1722.5
1241,1244,1865.0,2050.0,2185.0,2050.0
1242,1245,2075.0,1865.0,2050.0,2185.0
1243,1246,2130.0,2075.0,1865.0,2050.0
1244,1247,2130.0,2130.0,2075.0,1865.0
1245,1248,2250.0,2130.0,2130.0,2075.0
1246,1249,2150.0,2250.0,2130.0,2130.0
1247,1250,2157.5,2150.0,2250.0,2130.0
1248,1251,1965.0,2157.5,2150.0,2250.0
1249,1252,2430.0,1965.0,2157.5,2150.0
1250,1253,2505.0,2430.0,1965.0,2157.5
1251,1254,2520.0,2505.0,2430.0,1965.0
1252,1255,2502.5,2520.0,2505.0,2430.0
1253,1256,2420.0,2502.5,2520.0,2505.0
1254,1257,2345.0,2420.0,2502.5,2520.0
1255,1258,2010.0,2345.0,2420.0,2502.5
1256,1259,2430.0,2010.0,2345.0,2420.0
1257,1260,2420.0,2430.0,2010.0,2345.0
1258,1261,2395.0,2420.0,2430.0,2010.0
1259,1262,2412.5,2395.0,2420.0,2430.0
1260,1263,2460.0,2412.5,2395.0,2420.0
1261,1264,2420.0,2460.0,2412.5,2395.0
1262,1265,2025.0,2420.0,2460.0,2412.5
1263,1266,2355.0,2025.0,2420.0,2460.0
1264,1267,2455.0,2355.0,2025.0,2420.0
1265,1268,2475.0,2455.0,2355.0,2025.0
1266,1269,2442.5,2475.0,2455.0,2355.0
1267,1270,2410.0,2442.5,2475.0,2455.0
1268,1271,2360.0,2410.0,2442.5,2475.0
1269,1272,2165.0,2360.0,2410.0,2442.5
1270,1273,2510.0,2165.0,2360.0,2410.0
1271,1274,2612.5,2510.0,2165.0,2360.0
1272,1275,2532.5,2612.5,2510.0,2165.0
1273,1276,2550.0,2532.5,2612.5,2510.0
1274,1277,2545.0,2550.0,2532.5,2612.5
1275,1278,2585.0,2545.0,2550.0,2532.5
1276,1279,2390.0,2585.0,2545.0,2550.0
1277,1280,2670.0,2390.0,2585.0,2545.0
1278,1281,2670.0,2670.0,2390.0,2585.0
1279,1282,2687.5,2670.0,2670.0,2390.0
1280,1283,2625.0,2687.5,2670.0,2670.0
1281,1284,2600.0,2625.0,2687.5,2670.0
1282,1285,2555.0,2600.0,2625.0,2687.5
1283,1286,2292.5,2555.0,2600.0,2625.0
1284,1287,2645.0,2292.5,2555.0,2600.0
1285,1288,2665.0,2645.0,2292.5,2555.0
1286,1289,2685.0,2665.0,2645.0,2292.5
1287,1290,2770.0,2685.0,2665.0,2645.0
1288,1291,2845.0,2770.0,2685.0,2665.0
1289,1292,2720.0,2845.0,2770.0,2685.0
1290,1293,2355.0,2720.0,2845.0,2770.0
1291,1294,2645.0,2355.0,2720.0,2845.0
1292,1295,2850.0,2645.0,2355.0,2720.0
1293,1296,3000.0,2850.0,2645.0,2355.0
1294,1297,2835.0,3000.0,2850.0,2645.0
1295,1298,2875.0,2835.0,3000.0,2850.0
1296,1299,2807.5,2875.0,2835.0,3000.0
1297,1300,2485.0,2807.5,2875.0,2835.0
1298,1301,2810.0,2485.0,2807.5,2875.0
1299,1302,3120.0,2810.0,2485.0,2807.5
1300,1303,3405.0,3120.0,2810.0,2485.0
1301,1304,3250.0,3405.0,3120.0,2810.0
1302,1305,3190.0,3250.0,3405.0,3120.0
1303,1306,3050.0,3190.0,3250.0,3405.0
1304,1307,2620.0,3050.0,3190.0,3250.0
1305,1308,2550.0,2620.0,3050.0,3190.0
1306,1309,2605.0,2550.0,2620.0,3050.0
1307,1310,2640.0,2605.0,2550.0,2620.0
1308,1311,2810.0,2640.0,2605.0,2550.0
1309,1312,2732.5,2810.0,2640.0,2605.0
1310,1313,2732.5,2732.5,2810.0,2640.0
1311,1314,2540.0,2732.5,2732.5,2810.0
1312,1315,2850.0,2540.0,2732.5,2732.5
1313,1316,2690.0,2850.0,2540.0,2732.5
1314,1317,2720.0,2690.0,2850.0,2540.0
1315,1318,2680.0,2720.0,2690.0,2850.0
1316,1319,2710.0,2680.0,2720.0,2690.0
1317,1320,2707.5,2710.0,2680.0,2720.0
1318,1321,2465.0,2707.5,2710.0,2680.0
1319,1322,2665.0,2465.0,2707.5,2710.0
1320,1323,2735.0,2665.0,2465.0,2707.5
1321,1324,2730.0,2735.0,2665.0,2465.0
1322,1325,2765.0,2730.0,2735.0,2665.0
1323,1326,2770.0,2765.0,2730.0,2735.0
1324,1327,2615.0,2770.0,2765.0,2730.0
1325,1328,2392.5,2615.0,2770.0,2765.0
1326,1329,2655.0,2392.5,2615.0,2770.0
1327,1330,2745.0,2655.0,2392.5,2615.0
1328,1331,2790.0,2745.0,2655.0,2392.5
1329,1332,2780.0,2790.0,2745.0,2655.0
1330,1333,2740.0376945,2780.0,2790.0,2745.0
1331,1334,2605.0,2740.0376945,2780.0,2790.0
1332,1335,2340.0,2605.0,2740.0376945,2780.0
1333,1336,2995.0,2340.0,2605.0,2740.0376945
1334,1337,3235.0,2995.0,2340.0,2605.0
1335,1338,3355.0,3235.0,2995.0,2340.0
1336,1339,3300.0,3355.0,3235.0,2995.0
1337,1340,3130.0,3300.0,3355.0,3235.0
1338,1341,3270.0,3130.0,3300.0,3355.0
1339,1342,2985.0,3270.0,3130.0,3300.0
1340,1343,3415.0,2985.0,3270.0,3130.0
1341,1344,3450.0,3415.0,2985.0,3270.0
1342,1345,3467.5,3450.0,3415.0,2985.0
1343,1346,3505.0,3467.5,3450.0,3415.0
1344,1347,3445.0,3505.0,3467.5,3450.0
1345,1348,3400.0,3445.0,3505.0,3467.5
1346,1349,2997.5,3400.0,3445.0,3505.0
1347,1350,3095.0,2997.5,3400.0,3445.0
1348,1351,2995.0,3095.0,2997.5,3400.0
1349,1352,2995.0,2995.0,3095.0,2997.5
1350,1353,3110.0,2995.0,2995.0,3095.0
1351,1354,3190.0,3110.0,2995.0,2995.0
1352,1355,3050.0,3190.0,3110.0,2995.0
1353,1356,2615.0,3050.0,3190.0,3110.0
1354,1357,2955.0,2615.0,3050.0,3190.0
1355,1358,3045.0,2955.0,2615.0,3050.0
1356,1359,2925.0,3045.0,2955.0,2615.0
1357,1360,2835.0,2925.0,3045.0,2955.0
1358,1361,2740.0,2835.0,2925.0,3045.0
1359,1362,2597.5,2740.0,2835.0,2925.0
1360,1363,2295.0,2597.5,2740.0,2835.0
1361,1364,2550.0,2295.0,2597.5,2740.0
1362,1365,2665.0,2550.0,2295.0,2597.5
1363,1366,2750.0,2665.0,2550.0,2295.0
1364,1367,2775.0,2750.0,2665.0,2550.0
1365,1368,2820.76694,2775.0,2750.0,2665.0
1366,1369,2625.0,2820.76694,2775.0,2750.0
1367,1370,2215.0,2625.0,2820.76694,2775.0
1368,1371,2450.0,2215.0,2625.0,2820.76694
1369,1372,2417.5,2450.0,2215.0,2625.0
1370,1373,2460.0,2417.5,2450.0,2215.0
1371,1374,2505.0,2460.0,2417.5,2450.0
1372,1375,2565.0,2505.0,2460.0,2417.5
1373,1376,2595.0,2565.0,2505.0,2460.0
1374,1377,2150.0,2595.0,2565.0,2505.0
1375,1378,2177.5,2150.0,2595.0,2565.0
1376,1379,2550.0,2177.5,2150.0,2595.0
1377,1380,2595.0,2550.0,2177.5,2150.0
1378,1381,2495.0,2595.0,2550.0,2177.5
1379,1382,2425.0,2495.0,2595.0,2550.0
1380,1383,2395.0,2425.0,2495.0,2595.0
1381,1384,1915.0,2395.0,2425.0,2495.0
1382,1385,1977.5,1915.0,2395.0,2425.0
1383,1386,2420.0,1977.5,1915.0,2395.0
1384,1387,2440.0,2420.0,1977.5,1915.0
1385,1388,2450.0,2440.0,2420.0,1977.5
1386,1389,2455.0,2450.0,2440.0,2420.0
1387,1390,2385.0,2455.0,2450.0,2440.0
1388,1391,1965.0,2385.0,2455.0,2450.0
1389,1392,2395.0,1965.0,2385.0,2455.0
1390,1393,2407.5,2395.0,1965.0,2385.0
1391,1394,2390.0,2407.5,2395.0,1965.0
1392,1395,2435.0,2390.0,2407.5,2395.0
1393,1396,2460.0,2435.0,2390.0,2407.5
1394,1397,2340.0,2460.0,2435.0,2390.0
1395,1398,2080.0,2340.0,2460.0,2435.0
1396,1399,2500.0,2080.0,2340.0,2460.0
1397,1400,2480.0,2500.0,2080.0,2340.0
1398,1401,2370.0,2480.0,2500.0,2080.0
1399,1402,2365.0,2370.0,2480.0,2500.0
1400,1403,2367.5,2365.0,2370.0,2480.0
1401,1404,2425.0,2367.5,2365.0,2370.0
1402,1405,2090.0,2425.0,2367.5,2365.0
1403,1406,2455.0,2090.0,2425.0,2367.5
1404,1407,2405.0,2455.0,2090.0,2425.0
1405,1408,2385.0,2405.0,2455.0,2090.0
1406,1409,2157.5,2385.0,2405.0,2455.0
1407,1410,2140.0,2157.5,2385.0,2405.0
1408,1411,2150.0,2140.0,2157.5,2385.0
1409,1412,2000.0,2150.0,2140.0,2157.5
1410,1413,2145.0,2000.0,2150.0,2140.0
1411,1414,2485.0,2145.0,2000.0,2150.0
1412,1415,2415.0,2485.0,2145.0,2000.0
1413,1416,2420.0,2415.0,2485.0,2145.0
1414,1417,2480.0,2420.0,2415.0,2485.0
1415,1418,2432.5,2480.0,2420.0,2415.0
1416,1419,2265.0,2432.5,2480.0,2420.0
1417,1420,2672.5,2265.0,2432.5,2480.0
1418,1421,2595.0,2672.5,2265.0,2432.5
1419,1422,2575.0,2595.0,2672.5,2265.0
1420,1423,2615.0,2575.0,2595.0,2672.5
1421,1424,2655.0,2615.0,2575.0,2595.0
1422,1425,2895.0,2655.0,2615.0,2575.0
1423,1426,2447.5,2895.0,2655.0,2615.0
1424,1427,2715.0,2447.5,2895.0,2655.0
1425,1428,2702.5,2715.0,2447.5,2895.0
1426,1429,2652.5,2702.5,2715.0,2447.5
1427,1430,2645.0,2652.5,2702.5,2715.0
1428,1431,2715.0,2645.0,2652.5,2702.5
1429,1432,2690.0,2715.0,2645.0,2652.5
1430,1433,2570.0,2690.0,2715.0,2645.0
1431,1434,2825.0,2570.0,2690.0,2715.0
1432,1435,2860.0,2825.0,2570.0,2690.0
1433,1436,2780.0,2860.0,2825.0,2570.0
1434,1437,2735.0,2780.0,2860.0,2825.0
1435,1438,2700.0,2735.0,2780.0,2860.0
1436,1439,2600.0,2700.0,2735.0,2780.0
1437,1440,2397.5,2600.0,2700.0,2735.0
1438,1441,2730.0,2397.5,2600.0,2700.0
1439,1442,2680.0,2730.0,2397.5,2600.0
1440,1443,2640.0,2680.0,2730.0,2397.5
1441,1444,2830.0,2640.0,2680.0,2730.0
1442,1445,3000.0,2830.0,2640.0,2680.0
1443,1446,2855.0,3000.0,2830.0,2640.0
1444,1447,2545.0,2855.0,3000.0,2830.0
1445,1448,2715.0,2545.0,2855.0,3000.0
1446,1449,2795.0,2715.0,2545.0,2855.0
1447,1450,2745.0,2795.0,2715.0,2545.0
1448,1451,2815.0,2745.0,2795.0,2715.0
1449,1452,2875.0,2815.0,2745.0,2795.0
1450,1453,2870.0,2875.0,2815.0,2745.0
1451,1454,2585.0,2870.0,2875.0,2815.0
1452,1455,2945.0,2585.0,2870.0,2875.0
1453,1456,3125.0,2945.0,2585.0,2870.0
1454,1457,3275.0,3125.0,2945.0,2585.0
1455,1458,2945.0,3275.0,3125.0,2945.0
1456,1459,2960.0,2945.0,3275.0,3125.0
1457,1460,2772.5,2960.0,2945.0,3275.0
